{
  "thresholds": {
    "home": 0.65,
    "draw": 0.45,
    "away": 0.7
  },
  "performance": {
    "roi": 21.857142857142858,
    "profit": 3825.0,
    "staked": 17500,
    "bets": 175,
    "won": 144,
    "win_rate": 82.28571428571428
  },
  "calibration_date": "2026-01-20T12:59:10.911258",
  "calibration_period": "90 days",
  "matches_analyzed": 892,
  "pipeline": "true_live_271_features"
}